Step,2025-05-25_12-39-58_kitchen-complete-v0_fql_mlp_ta4_td4_seed0 - avg episode reward - eval,2025-05-25_12-39-58_kitchen-complete-v0_fql_mlp_ta4_td4_seed0 - avg episode reward - eval__MIN,2025-05-25_12-39-58_kitchen-complete-v0_fql_mlp_ta4_td4_seed0 - avg episode reward - eval__MAX,2025-05-10_21-14-05_kitchen-complete-v0_fql_mlp_ta4_td4_seed3407 - avg episode reward - eval,2025-05-10_21-14-05_kitchen-complete-v0_fql_mlp_ta4_td4_seed3407 - avg episode reward - eval__MIN,2025-05-10_21-14-05_kitchen-complete-v0_fql_mlp_ta4_td4_seed3407 - avg episode reward - eval__MAX,17-52-52_kitchen-complete-v0_ppo_diffusion_mlp_ta4_td20_tdf10_seed3407 - avg episode reward - eval,17-52-52_kitchen-complete-v0_ppo_diffusion_mlp_ta4_td20_tdf10_seed3407 - avg episode reward - eval__MIN,17-52-52_kitchen-complete-v0_ppo_diffusion_mlp_ta4_td20_tdf10_seed3407 - avg episode reward - eval__MAX,17-52-02_kitchen-complete-v0_ppo_diffusion_mlp_ta4_td20_tdf10_seed0 - avg episode reward - eval,17-52-02_kitchen-complete-v0_ppo_diffusion_mlp_ta4_td20_tdf10_seed0 - avg episode reward - eval__MIN,17-52-02_kitchen-complete-v0_ppo_diffusion_mlp_ta4_td20_tdf10_seed0 - avg episode reward - eval__MAX,2025-05-10_17-42-59_kitchen-complete-v0_fql_mlp_ta4_td4_seed42 - avg episode reward - eval,2025-05-10_17-42-59_kitchen-complete-v0_fql_mlp_ta4_td4_seed42 - avg episode reward - eval__MIN,2025-05-10_17-42-59_kitchen-complete-v0_fql_mlp_ta4_td4_seed42 - avg episode reward - eval__MAX,2025-05-08_11-20-55_kitchen-complete-v0_ppo_shortcut_mlp_ta4_td4_tdf4_seed3407 - eval/avg episode reward,2025-05-08_11-20-55_kitchen-complete-v0_ppo_shortcut_mlp_ta4_td4_tdf4_seed3407 - eval/avg episode reward__MIN,2025-05-08_11-20-55_kitchen-complete-v0_ppo_shortcut_mlp_ta4_td4_tdf4_seed3407 - eval/avg episode reward__MAX,2025-05-08_11-20-14_kitchen-complete-v0_ppo_shortcut_mlp_ta4_td4_tdf4_seed0 - eval/avg episode reward,2025-05-08_11-20-14_kitchen-complete-v0_ppo_shortcut_mlp_ta4_td4_tdf4_seed0 - eval/avg episode reward__MIN,2025-05-08_11-20-14_kitchen-complete-v0_ppo_shortcut_mlp_ta4_td4_tdf4_seed0 - eval/avg episode reward__MAX,2025-05-08_07-05-08_kitchen-complete-v0_ppo_diffusion_mlp_ta4_td20_tdf10_seed42 - avg episode reward - eval,2025-05-08_07-05-08_kitchen-complete-v0_ppo_diffusion_mlp_ta4_td20_tdf10_seed42 - avg episode reward - eval__MIN,2025-05-08_07-05-08_kitchen-complete-v0_ppo_diffusion_mlp_ta4_td20_tdf10_seed42 - avg episode reward - eval__MAX,2025-05-08_07-03-14_kitchen-complete-v0_ppo_shortcut_mlp_ta4_td4_tdf4_seed42 - eval/avg episode reward,2025-05-08_07-03-14_kitchen-complete-v0_ppo_shortcut_mlp_ta4_td4_tdf4_seed42 - eval/avg episode reward__MIN,2025-05-08_07-03-14_kitchen-complete-v0_ppo_shortcut_mlp_ta4_td4_tdf4_seed42 - eval/avg episode reward__MAX,2026-01-19_06-09-22_kitchen-complete-v0_ppo_shortcut_mlp_score_ta4_td4_seed0 - eval/avg episode reward,2026-01-19_06-09-22_kitchen-complete-v0_ppo_shortcut_mlp_score_ta4_td4_seed0 - eval/avg episode reward__MIN,2026-01-19_06-09-22_kitchen-complete-v0_ppo_shortcut_mlp_score_ta4_td4_seed0 - eval/avg episode reward__MAX,2026-01-19_06-06-01_kitchen-complete-v0_ppo_shortcut_mlp_score_ta4_td4_seed3407 - eval/avg episode reward,2026-01-19_06-06-01_kitchen-complete-v0_ppo_shortcut_mlp_score_ta4_td4_seed3407 - eval/avg episode reward__MIN,2026-01-19_06-06-01_kitchen-complete-v0_ppo_shortcut_mlp_score_ta4_td4_seed3407 - eval/avg episode reward__MAX,2026-01-19_06-01-28_kitchen-complete-v0_ppo_shortcut_mlp_with_score_gammanet_ta4_td4_tdf4_seed0 - eval/avg episode reward,2026-01-19_06-01-28_kitchen-complete-v0_ppo_shortcut_mlp_with_score_gammanet_ta4_td4_tdf4_seed0 - eval/avg episode reward__MIN,2026-01-19_06-01-28_kitchen-complete-v0_ppo_shortcut_mlp_with_score_gammanet_ta4_td4_tdf4_seed0 - eval/avg episode reward__MAX,2026-01-19_03-41-45_kitchen-complete-v0_ppo_shortcut_mlp_with_score_gammanet_ta4_td4_tdf4_seed3407 - eval/avg episode reward,2026-01-19_03-41-45_kitchen-complete-v0_ppo_shortcut_mlp_with_score_gammanet_ta4_td4_tdf4_seed3407 - eval/avg episode reward__MIN,2026-01-19_03-41-45_kitchen-complete-v0_ppo_shortcut_mlp_with_score_gammanet_ta4_td4_tdf4_seed3407 - eval/avg episode reward__MAX,2026-01-15_13-01-37_kitchen-complete-v0_ppo_shortcut_mlp_with_score_gammanet_ta4_td4_tdf4_seed42 - eval/avg episode reward,2026-01-15_13-01-37_kitchen-complete-v0_ppo_shortcut_mlp_with_score_gammanet_ta4_td4_tdf4_seed42 - eval/avg episode reward__MIN,2026-01-15_13-01-37_kitchen-complete-v0_ppo_shortcut_mlp_with_score_gammanet_ta4_td4_tdf4_seed42 - eval/avg episode reward__MAX,2026-01-15_06-53-20_kitchen-complete-v0_ppo_shortcut_mlp_with_score_gammanet_ta4_td4_tdf4_seed42 - eval/avg episode reward,2026-01-15_06-53-20_kitchen-complete-v0_ppo_shortcut_mlp_with_score_gammanet_ta4_td4_tdf4_seed42 - eval/avg episode reward__MIN,2026-01-15_06-53-20_kitchen-complete-v0_ppo_shortcut_mlp_with_score_gammanet_ta4_td4_tdf4_seed42 - eval/avg episode reward__MAX,2026-01-14_11-13-32_kitchen-complete-v0_ppo_shortcut_mlp_score_ta4_td4_seed42 - eval/avg episode reward,2026-01-14_11-13-32_kitchen-complete-v0_ppo_shortcut_mlp_score_ta4_td4_seed42 - eval/avg episode reward__MIN,2026-01-14_11-13-32_kitchen-complete-v0_ppo_shortcut_mlp_score_ta4_td4_seed42 - eval/avg episode reward__MAX
0,0,0,0,0,0,0,2.475,2.475,2.475,2.75,2.75,2.75,0,0,0,2.8947368421052637,2.8947368421052637,2.8947368421052637,2.911504424778761,2.911504424778761,2.911504424778761,2.7876106194690267,2.7876106194690267,2.7876106194690267,2.9732142857142856,2.9732142857142856,2.9732142857142856,3.081967213114754,3.081967213114754,3.081967213114754,2.966386554621849,2.966386554621849,2.966386554621849,3.154471544715447,3.154471544715447,3.154471544715447,2.982608695652174,2.982608695652174,2.982608695652174,3.0948275862068964,3.0948275862068964,3.0948275862068964,3.1322314049586777,3.1322314049586777,3.1322314049586777,2.911504424778761,2.911504424778761,2.911504424778761
10,,,,,,,2.625,2.625,2.625,2.9,2.9,2.9,,,,3.684210526315789,3.684210526315789,3.684210526315789,3.488,3.488,3.488,2.9649122807017543,2.9649122807017543,2.9649122807017543,3.826388888888889,3.826388888888889,3.826388888888889,3.7832167832167833,3.7832167832167833,3.7832167832167833,3.632352941176471,3.632352941176471,3.632352941176471,3.907894736842105,3.907894736842105,3.907894736842105,2.6020408163265305,2.6020408163265305,2.6020408163265305,3.780141843971631,3.780141843971631,3.780141843971631,3.838028169014085,3.838028169014085,3.838028169014085,3.5407407407407407,3.5407407407407407,3.5407407407407407
20,,,,,,,3.2,3.2,3.2,2.675,2.675,2.675,,,,3.836734693877551,3.836734693877551,3.836734693877551,3.674418604651162,3.674418604651162,3.674418604651162,3.4296875,3.4296875,3.4296875,3.9027777777777777,3.9027777777777777,3.9027777777777777,3.7058823529411766,3.7058823529411766,3.7058823529411766,3.776978417266187,3.776978417266187,3.776978417266187,3.8698630136986303,3.8698630136986303,3.8698630136986303,3.8620689655172415,3.8620689655172415,3.8620689655172415,3.9047619047619047,3.9047619047619047,3.9047619047619047,3.935064935064935,3.935064935064935,3.935064935064935,3.8129496402877696,3.8129496402877696,3.8129496402877696
30,,,,,,,3.15,3.15,3.15,2.9,2.9,2.9,,,,3.863945578231293,3.863945578231293,3.863945578231293,3.83453237410072,3.83453237410072,3.83453237410072,3.664233576642336,3.664233576642336,3.664233576642336,3.919463087248322,3.919463087248322,3.919463087248322,3.636363636363636,3.636363636363636,3.636363636363636,3.8402777777777777,3.8402777777777777,3.8402777777777777,3.8466666666666662,3.8466666666666662,3.8466666666666662,3.9276315789473686,3.9276315789473686,3.9276315789473686,3.908496732026144,3.908496732026144,3.908496732026144,3.948051948051948,3.948051948051948,3.948051948051948,3.8783783783783785,3.8783783783783785,3.8783783783783785
40,,,,,,,3.025,3.025,3.025,2.825,2.825,2.825,,,,3.815068493150685,3.815068493150685,3.815068493150685,3.83453237410072,3.83453237410072,3.83453237410072,3.7553956834532376,3.7553956834532376,3.7553956834532376,3.9271523178807946,3.9271523178807946,3.9271523178807946,3.8028169014084505,3.8028169014084505,3.8028169014084505,3.947368421052632,3.947368421052632,3.947368421052632,3.9607843137254894,3.9607843137254894,3.9607843137254894,3.9539473684210527,3.9539473684210527,3.9539473684210527,3.947019867549669,3.947019867549669,3.947019867549669,3.9,3.9,3.9,3.895424836601307,3.895424836601307,3.895424836601307
50,,,,,,,3.5,3.5,3.5,3.05,3.05,3.05,,,,3.8926174496644297,3.8926174496644297,3.8926174496644297,3.8472222222222223,3.8472222222222223,3.8472222222222223,3.838926174496644,3.838926174496644,3.838926174496644,3.935483870967742,3.935483870967742,3.935483870967742,3.856164383561644,3.856164383561644,3.856164383561644,3.8986486486486487,3.8986486486486487,3.8986486486486487,3.900662251655629,3.900662251655629,3.900662251655629,3.955128205128205,3.955128205128205,3.955128205128205,3.885135135135135,3.885135135135135,3.885135135135135,3.92156862745098,3.92156862745098,3.92156862745098,3.960526315789474,3.960526315789474,3.960526315789474
60,,,,,,,3.7,3.7,3.7,3.175,3.175,3.175,,,,3.848684210526316,3.848684210526316,3.848684210526316,3.838028169014085,3.838028169014085,3.838028169014085,3.8493150684931514,3.8493150684931514,3.8493150684931514,3.929032258064516,3.929032258064516,3.929032258064516,3.801418439716312,3.801418439716312,3.801418439716312,3.891891891891892,3.891891891891892,3.891891891891892,3.901960784313725,3.901960784313725,3.901960784313725,3.915032679738562,3.915032679738562,3.915032679738562,3.95483870967742,3.95483870967742,3.95483870967742,3.955128205128205,3.955128205128205,3.955128205128205,3.9210526315789473,3.9210526315789473,3.9210526315789473
70,,,,,,,3.325,3.325,3.325,3.5,3.5,3.5,,,,3.961290322580645,3.961290322580645,3.961290322580645,3.905405405405405,3.905405405405405,3.905405405405405,3.7777777777777777,3.7777777777777777,3.7777777777777777,3.929032258064516,3.929032258064516,3.929032258064516,3.880281690140845,3.880281690140845,3.880281690140845,3.8733333333333335,3.8733333333333335,3.8733333333333335,3.856164383561644,3.856164383561644,3.856164383561644,3.961290322580645,3.961290322580645,3.961290322580645,3.928571428571429,3.928571428571429,3.928571428571429,3.974683544303797,3.974683544303797,3.974683544303797,3.941176470588236,3.941176470588236,3.941176470588236
80,,,,,,,3.775,3.775,3.775,3.125,3.125,3.125,,,,3.8933333333333335,3.8933333333333335,3.8933333333333335,3.778571428571429,3.778571428571429,3.778571428571429,3.943037974683544,3.943037974683544,3.943037974683544,3.923566878980892,3.923566878980892,3.923566878980892,3.858108108108108,3.858108108108108,3.858108108108108,3.9220779220779214,3.9220779220779214,3.9220779220779214,3.9483870967741934,3.9483870967741934,3.9483870967741934,3.974683544303797,3.974683544303797,3.974683544303797,3.95483870967742,3.95483870967742,3.95483870967742,3.993710691823899,3.993710691823899,3.993710691823899,3.9133333333333336,3.9133333333333336,3.9133333333333336
90,,,,,,,3.85,3.85,3.85,3.225,3.225,3.225,,,,3.838926174496644,3.838926174496644,3.838926174496644,3.825174825174825,3.825174825174825,3.825174825174825,3.930817610062893,3.930817610062893,3.930817610062893,3.92258064516129,3.92258064516129,3.92258064516129,3.9483870967741934,3.9483870967741934,3.9483870967741934,3.949367088607595,3.949367088607595,3.949367088607595,3.933774834437086,3.933774834437086,3.933774834437086,3.948717948717949,3.948717948717949,3.948717948717949,3.968152866242038,3.968152866242038,3.968152866242038,3.974683544303797,3.974683544303797,3.974683544303797,3.8874172185430464,3.8874172185430464,3.8874172185430464
100,,,,,,,3.65,3.65,3.65,3.675,3.675,3.675,,,,3.780821917808219,3.780821917808219,3.780821917808219,3.8733333333333335,3.8733333333333335,3.8733333333333335,3.8867924528301887,3.8867924528301887,3.8867924528301887,3.9038461538461537,3.9038461538461537,3.9038461538461537,3.878205128205128,3.878205128205128,3.878205128205128,3.949367088607595,3.949367088607595,3.949367088607595,3.95483870967742,3.95483870967742,3.95483870967742,3.929936305732484,3.929936305732484,3.929936305732484,3.9683544303797462,3.9683544303797462,3.9683544303797462,3.968152866242038,3.968152866242038,3.968152866242038,3.9483870967741934,3.9483870967741934,3.9483870967741934
110,,,,,,,3.475,3.475,3.475,3.6,3.6,3.6,,,,3.75177304964539,3.75177304964539,3.75177304964539,3.8344827586206898,3.8344827586206898,3.8344827586206898,3.924528301886793,3.924528301886793,3.924528301886793,3.892405063291139,3.892405063291139,3.892405063291139,3.907284768211921,3.907284768211921,3.907284768211921,3.9556962025316458,3.9556962025316458,3.9556962025316458,3.9615384615384617,3.9615384615384617,3.9615384615384617,3.928571428571429,3.928571428571429,3.928571428571429,3.975,3.975,3.975,3.943037974683544,3.943037974683544,3.943037974683544,3.8933333333333335,3.8933333333333335,3.8933333333333335
120,,,,,,,3.75,3.75,3.75,3.7,3.7,3.7,,,,3.8562091503267975,3.8562091503267975,3.8562091503267975,3.8424657534246576,3.8424657534246576,3.8424657534246576,3.911949685534591,3.911949685534591,3.911949685534591,3.9685534591194966,3.9685534591194966,3.9685534591194966,3.847682119205298,3.847682119205298,3.847682119205298,3.9177215189873418,3.9177215189873418,3.9177215189873418,3.981012658227848,3.981012658227848,3.981012658227848,3.935064935064935,3.935064935064935,3.935064935064935,3.9556962025316458,3.9556962025316458,3.9556962025316458,3.9625,3.9625,3.9625,3.935483870967742,3.935483870967742,3.935483870967742
130,,,,,,,3.9,3.9,3.9,3.95,3.95,3.95,,,,3.8543046357615895,3.8543046357615895,3.8543046357615895,3.9205298013245033,3.9205298013245033,3.9205298013245033,3.917197452229299,3.917197452229299,3.917197452229299,3.949044585987261,3.949044585987261,3.949044585987261,3.929032258064516,3.929032258064516,3.929032258064516,3.924528301886793,3.924528301886793,3.924528301886793,3.967741935483871,3.967741935483871,3.967741935483871,3.9556962025316458,3.9556962025316458,3.9556962025316458,3.9873417721518982,3.9873417721518982,3.9873417721518982,3.9625,3.9625,3.9625,3.9483870967741934,3.9483870967741934,3.9483870967741934
140,,,,,,,3.75,3.75,3.75,3.725,3.725,3.725,,,,3.883116883116883,3.883116883116883,3.883116883116883,3.8993288590604025,3.8993288590604025,3.8993288590604025,3.925,3.925,3.925,3.9044585987261136,3.9044585987261136,3.9044585987261136,3.930817610062893,3.930817610062893,3.930817610062893,3.909677419354839,3.909677419354839,3.909677419354839,3.9872611464968153,3.9872611464968153,3.9872611464968153,3.924050632911392,3.924050632911392,3.924050632911392,3.9371069182389937,3.9371069182389937,3.9371069182389937,3.9375,3.9375,3.9375,3.890322580645161,3.890322580645161,3.890322580645161
150,,,,,,,3.825,3.825,3.825,3.575,3.575,3.575,,,,3.8701298701298703,3.8701298701298703,3.8701298701298703,3.947712418300654,3.947712418300654,3.947712418300654,3.96875,3.96875,3.96875,3.96875,3.96875,3.96875,3.94375,3.94375,3.94375,3.93125,3.93125,3.93125,3.9483870967741934,3.9483870967741934,3.9483870967741934,3.95,3.95,3.95,3.95625,3.95625,3.95625,3.96875,3.96875,3.96875,3.9685534591194966,3.9685534591194966,3.9685534591194966
160,,,,,,,3.725,3.725,3.725,3.55,3.55,3.55,,,,3.878205128205128,3.878205128205128,3.878205128205128,3.948051948051948,3.948051948051948,3.948051948051948,3.9,3.9,3.9,3.925,3.925,3.925,3.949685534591195,3.949685534591195,3.949685534591195,3.91875,3.91875,3.91875,3.961290322580645,3.961290322580645,3.961290322580645,3.974683544303797,3.974683544303797,3.974683544303797,3.9177215189873418,3.9177215189873418,3.9177215189873418,3.910828025477707,3.910828025477707,3.910828025477707,3.911949685534591,3.911949685534591,3.911949685534591
170,,,,,,,3.725,3.725,3.725,3.75,3.75,3.75,,,,3.852564102564103,3.852564102564103,3.852564102564103,3.973856209150327,3.973856209150327,3.973856209150327,3.95,3.95,3.95,3.918238993710692,3.918238993710692,3.918238993710692,3.793548387096774,3.793548387096774,3.793548387096774,3.930817610062893,3.930817610062893,3.930817610062893,3.9466666666666663,3.9466666666666663,3.9466666666666663,3.9685534591194966,3.9685534591194966,3.9685534591194966,3.95,3.95,3.95,3.96875,3.96875,3.96875,3.930379746835443,3.930379746835443,3.930379746835443
180,,,,,,,3.75,3.75,3.75,3.575,3.575,3.575,,,,3.8516129032258064,3.8516129032258064,3.8516129032258064,3.949044585987261,3.949044585987261,3.949044585987261,3.9625,3.9625,3.9625,3.918238993710692,3.918238993710692,3.918238993710692,3.910828025477707,3.910828025477707,3.910828025477707,3.95625,3.95625,3.95625,3.975,3.975,3.975,3.943396226415094,3.943396226415094,3.943396226415094,3.962264150943396,3.962264150943396,3.962264150943396,3.96875,3.96875,3.96875,4,4,4
190,,,,,,,3.8,3.8,3.8,3.575,3.575,3.575,,,,3.9367088607594938,3.9367088607594938,3.9367088607594938,3.954545454545455,3.954545454545455,3.954545454545455,3.99375,3.99375,3.99375,3.938650306748466,3.938650306748466,3.938650306748466,3.881578947368421,3.881578947368421,3.881578947368421,3.9625,3.9625,3.9625,3.935064935064935,3.935064935064935,3.935064935064935,3.9875,3.9875,3.9875,3.9625,3.9625,3.9625,3.95,3.95,3.95,3.893081761006289,3.893081761006289,3.893081761006289
200,,,,,,,3.55,3.55,3.55,3.8,3.8,3.8,,,,3.929936305732484,3.929936305732484,3.929936305732484,3.935064935064935,3.935064935064935,3.935064935064935,4,4,4,3.950617283950617,3.950617283950617,3.950617283950617,3.89375,3.89375,3.89375,3.96875,3.96875,3.96875,3.95,3.95,3.95,3.962264150943396,3.962264150943396,3.962264150943396,3.9375,3.9375,3.9375,3.981012658227848,3.981012658227848,3.981012658227848,3.94375,3.94375,3.94375
210,,,,,,,3.6,3.6,3.6,3.575,3.575,3.575,,,,3.923566878980892,3.923566878980892,3.923566878980892,3.9276315789473686,3.9276315789473686,3.9276315789473686,3.9685534591194966,3.9685534591194966,3.9685534591194966,3.90625,3.90625,3.90625,3.9044585987261136,3.9044585987261136,3.9044585987261136,3.95,3.95,3.95,3.9875,3.9875,3.9875,3.918238993710692,3.918238993710692,3.918238993710692,3.96875,3.96875,3.96875,3.98125,3.98125,3.98125,3.968944099378882,3.968944099378882,3.968944099378882
220,,,,,,,3.8,3.8,3.8,3.75,3.75,3.75,,,,3.9875,3.9875,3.9875,3.98051948051948,3.98051948051948,3.98051948051948,3.9751552795031055,3.9751552795031055,3.9751552795031055,3.932515337423313,3.932515337423313,3.932515337423313,3.9625,3.9625,3.9625,3.95,3.95,3.95,3.9875,3.9875,3.9875,3.9375,3.9375,3.9375,3.975,3.975,3.975,3.9875,3.9875,3.9875,3.963636363636364,3.963636363636364,3.963636363636364
230,,,,,,,3.95,3.95,3.95,3.825,3.825,3.825,,,,3.8987341772151898,3.8987341772151898,3.8987341772151898,3.980891719745223,3.980891719745223,3.980891719745223,3.955974842767296,3.955974842767296,3.955974842767296,3.953757225433526,3.953757225433526,3.953757225433526,3.9625,3.9625,3.9625,3.94375,3.94375,3.94375,3.975,3.975,3.975,3.9875,3.9875,3.9875,3.9625,3.9625,3.9625,3.9375,3.9375,3.9375,3.946428571428572,3.946428571428572,3.946428571428572
240,,,,,,,3.725,3.725,3.725,3.775,3.775,3.775,,,,3.91875,3.91875,3.91875,3.884353741496599,3.884353741496599,3.884353741496599,3.99375,3.99375,3.99375,3.879120879120879,3.879120879120879,3.879120879120879,3.975,3.975,3.975,3.975,3.975,3.975,3.94375,3.94375,3.94375,3.925,3.925,3.925,3.96319018404908,3.96319018404908,3.96319018404908,3.9625,3.9625,3.9625,3.930635838150289,3.930635838150289,3.930635838150289
250,,,,,,,3.95,3.95,3.95,3.775,3.775,3.775,,,,3.9875,3.9875,3.9875,3.645390070921986,3.645390070921986,3.645390070921986,3.957055214723926,3.957055214723926,3.957055214723926,3.908108108108108,3.908108108108108,3.908108108108108,3.94375,3.94375,3.94375,3.9751552795031055,3.9751552795031055,3.9751552795031055,3.9375,3.9375,3.9375,3.93125,3.93125,3.93125,3.989417989417989,3.989417989417989,3.989417989417989,3.9625,3.9625,3.9625,3.9942528735632186,3.9942528735632186,3.9942528735632186
260,,,,,,,3.5,3.5,3.5,3.75,3.75,3.75,,,,,,,3.929936305732484,3.929936305732484,3.929936305732484,,,,3.9574468085106393,3.9574468085106393,3.9574468085106393,3.95625,3.95625,3.95625,3.95625,3.95625,3.95625,4,4,4,3.9625,3.9625,3.9625,4,4,4,3.9875,3.9875,3.9875,3.9661016949152543,3.9661016949152543,3.9661016949152543
270,,,,,,,3.925,3.925,3.925,3.9,3.9,3.9,,,,,,,3.8917197452229297,3.8917197452229297,3.8917197452229297,,,,3.947368421052632,3.947368421052632,3.947368421052632,3.98125,3.98125,3.98125,3.962962962962963,3.962962962962963,3.962962962962963,3.94375,3.94375,3.94375,3.9627329192546585,3.9627329192546585,3.9627329192546585,3.9623655913978495,3.9623655913978495,3.9623655913978495,3.9625,3.9625,3.9625,3.989637305699482,3.989637305699482,3.989637305699482
280,,,,,,,3.875,3.875,3.875,3.825,3.825,3.825,,,,,,,3.968152866242038,3.968152866242038,3.968152866242038,,,,3.9565217391304346,3.9565217391304346,3.9565217391304346,3.94375,3.94375,3.94375,3.970059880239521,3.970059880239521,3.970059880239521,3.949685534591195,3.949685534591195,3.949685534591195,3.918238993710692,3.918238993710692,3.918238993710692,3.968586387434555,3.968586387434555,3.968586387434555,3.94375,3.94375,3.94375,3.984771573604061,3.984771573604061,3.984771573604061
290,,,,,,,3.55,3.55,3.55,3.575,3.575,3.575,,,,,,,3.8987341772151898,3.8987341772151898,3.8987341772151898,,,,3.974226804123712,3.974226804123712,3.974226804123712,3.943396226415094,3.943396226415094,3.943396226415094,3.9942528735632186,3.9942528735632186,3.9942528735632186,4,4,4,3.925,3.925,3.925,3.97948717948718,3.97948717948718,3.97948717948718,3.975,3.975,3.975,3.978609625668449,3.978609625668449,3.978609625668449
300,,,,,,,3.5,3.5,3.5,3.775,3.775,3.775,,,,,,,,,,,,,,,,,,,,,,,,,,,,,,,,,,,,
5000,0,0,0,0,0,0,,,,,,,0.1428571428571428,0.1428571428571428,0.1428571428571428,,,,,,,,,,,,,,,,,,,,,,,,,,,,,,,,,
10000,0.1428571428571428,0.1428571428571428,0.1428571428571428,0.4285714285714285,0.4285714285714285,0.4285714285714285,,,,,,,0,0,0,,,,,,,,,,,,,,,,,,,,,,,,,,,,,,,,,
15000,0.1428571428571428,0.1428571428571428,0.1428571428571428,0,0,0,,,,,,,0.1428571428571428,0.1428571428571428,0.1428571428571428,,,,,,,,,,,,,,,,,,,,,,,,,,,,,,,,,
20000,0,0,0,0,0,0,,,,,,,0,0,0,,,,,,,,,,,,,,,,,,,,,,,,,,,,,,,,,
25000,0.4285714285714285,0.4285714285714285,0.4285714285714285,0.7142857142857143,0.7142857142857143,0.7142857142857143,,,,,,,0.2857142857142857,0.2857142857142857,0.2857142857142857,,,,,,,,,,,,,,,,,,,,,,,,,,,,,,,,,
30000,0,0,0,0.8571428571428571,0.8571428571428571,0.8571428571428571,,,,,,,0.1428571428571428,0.1428571428571428,0.1428571428571428,,,,,,,,,,,,,,,,,,,,,,,,,,,,,,,,,
35000,0.1428571428571428,0.1428571428571428,0.1428571428571428,0.1428571428571428,0.1428571428571428,0.1428571428571428,,,,,,,0.4285714285714285,0.4285714285714285,0.4285714285714285,,,,,,,,,,,,,,,,,,,,,,,,,,,,,,,,,
40000,0,0,0,0,0,0,,,,,,,0,0,0,,,,,,,,,,,,,,,,,,,,,,,,,,,,,,,,,
45000,0.1428571428571428,0.1428571428571428,0.1428571428571428,0,0,0,,,,,,,0.4285714285714285,0.4285714285714285,0.4285714285714285,,,,,,,,,,,,,,,,,,,,,,,,,,,,,,,,,
50000,0.1428571428571428,0.1428571428571428,0.1428571428571428,0.2857142857142857,0.2857142857142857,0.2857142857142857,,,,,,,0.2857142857142857,0.2857142857142857,0.2857142857142857,,,,,,,,,,,,,,,,,,,,,,,,,,,,,,,,,
55000,0.5714285714285714,0.5714285714285714,0.5714285714285714,0,0,0,,,,,,,0.5714285714285714,0.5714285714285714,0.5714285714285714,,,,,,,,,,,,,,,,,,,,,,,,,,,,,,,,,
60000,0,0,0,0.2857142857142857,0.2857142857142857,0.2857142857142857,,,,,,,0.2857142857142857,0.2857142857142857,0.2857142857142857,,,,,,,,,,,,,,,,,,,,,,,,,,,,,,,,,
65000,0.1428571428571428,0.1428571428571428,0.1428571428571428,0.7142857142857143,0.7142857142857143,0.7142857142857143,,,,,,,0.2857142857142857,0.2857142857142857,0.2857142857142857,,,,,,,,,,,,,,,,,,,,,,,,,,,,,,,,,
70000,0,0,0,0.2857142857142857,0.2857142857142857,0.2857142857142857,,,,,,,0,0,0,,,,,,,,,,,,,,,,,,,,,,,,,,,,,,,,,
75000,0,0,0,0.2857142857142857,0.2857142857142857,0.2857142857142857,,,,,,,0.5714285714285714,0.5714285714285714,0.5714285714285714,,,,,,,,,,,,,,,,,,,,,,,,,,,,,,,,,
80000,1,1,1,0.5714285714285714,0.5714285714285714,0.5714285714285714,,,,,,,0.4285714285714285,0.4285714285714285,0.4285714285714285,,,,,,,,,,,,,,,,,,,,,,,,,,,,,,,,,
85000,0.1428571428571428,0.1428571428571428,0.1428571428571428,0.4285714285714285,0.4285714285714285,0.4285714285714285,,,,,,,0.2857142857142857,0.2857142857142857,0.2857142857142857,,,,,,,,,,,,,,,,,,,,,,,,,,,,,,,,,
90000,0.1428571428571428,0.1428571428571428,0.1428571428571428,0.5714285714285714,0.5714285714285714,0.5714285714285714,,,,,,,0.4285714285714285,0.4285714285714285,0.4285714285714285,,,,,,,,,,,,,,,,,,,,,,,,,,,,,,,,,
95000,0.5714285714285714,0.5714285714285714,0.5714285714285714,0.1428571428571428,0.1428571428571428,0.1428571428571428,,,,,,,0.4285714285714285,0.4285714285714285,0.4285714285714285,,,,,,,,,,,,,,,,,,,,,,,,,,,,,,,,,
100000,0.2857142857142857,0.2857142857142857,0.2857142857142857,1,1,1,,,,,,,0.1428571428571428,0.1428571428571428,0.1428571428571428,,,,,,,,,,,,,,,,,,,,,,,,,,,,,,,,,
105000,0,0,0,0.8571428571428571,0.8571428571428571,0.8571428571428571,,,,,,,0.2857142857142857,0.2857142857142857,0.2857142857142857,,,,,,,,,,,,,,,,,,,,,,,,,,,,,,,,,
110000,0,0,0,0.5714285714285714,0.5714285714285714,0.5714285714285714,,,,,,,0.1428571428571428,0.1428571428571428,0.1428571428571428,,,,,,,,,,,,,,,,,,,,,,,,,,,,,,,,,
115000,0.1428571428571428,0.1428571428571428,0.1428571428571428,0.2857142857142857,0.2857142857142857,0.2857142857142857,,,,,,,0.2857142857142857,0.2857142857142857,0.2857142857142857,,,,,,,,,,,,,,,,,,,,,,,,,,,,,,,,,
120000,0,0,0,0.4285714285714285,0.4285714285714285,0.4285714285714285,,,,,,,0,0,0,,,,,,,,,,,,,,,,,,,,,,,,,,,,,,,,,
125000,0,0,0,0.7142857142857143,0.7142857142857143,0.7142857142857143,,,,,,,0.4285714285714285,0.4285714285714285,0.4285714285714285,,,,,,,,,,,,,,,,,,,,,,,,,,,,,,,,,
130000,0.5714285714285714,0.5714285714285714,0.5714285714285714,0,0,0,,,,,,,0.1428571428571428,0.1428571428571428,0.1428571428571428,,,,,,,,,,,,,,,,,,,,,,,,,,,,,,,,,
135000,0.2857142857142857,0.2857142857142857,0.2857142857142857,0.4285714285714285,0.4285714285714285,0.4285714285714285,,,,,,,0,0,0,,,,,,,,,,,,,,,,,,,,,,,,,,,,,,,,,
140000,0.5714285714285714,0.5714285714285714,0.5714285714285714,0.5714285714285714,0.5714285714285714,0.5714285714285714,,,,,,,0.5714285714285714,0.5714285714285714,0.5714285714285714,,,,,,,,,,,,,,,,,,,,,,,,,,,,,,,,,
145000,0.1428571428571428,0.1428571428571428,0.1428571428571428,0.2857142857142857,0.2857142857142857,0.2857142857142857,,,,,,,0.4285714285714285,0.4285714285714285,0.4285714285714285,,,,,,,,,,,,,,,,,,,,,,,,,,,,,,,,,
150000,0.2857142857142857,0.2857142857142857,0.2857142857142857,0,0,0,,,,,,,0,0,0,,,,,,,,,,,,,,,,,,,,,,,,,,,,,,,,,
155000,0,0,0,0.1428571428571428,0.1428571428571428,0.1428571428571428,,,,,,,0.4285714285714285,0.4285714285714285,0.4285714285714285,,,,,,,,,,,,,,,,,,,,,,,,,,,,,,,,,
160000,0.2857142857142857,0.2857142857142857,0.2857142857142857,0.2857142857142857,0.2857142857142857,0.2857142857142857,,,,,,,1.1428571428571428,1.1428571428571428,1.1428571428571428,,,,,,,,,,,,,,,,,,,,,,,,,,,,,,,,,
165000,0.2857142857142857,0.2857142857142857,0.2857142857142857,0,0,0,,,,,,,0,0,0,,,,,,,,,,,,,,,,,,,,,,,,,,,,,,,,,
170000,0.4285714285714285,0.4285714285714285,0.4285714285714285,0,0,0,,,,,,,0.7142857142857143,0.7142857142857143,0.7142857142857143,,,,,,,,,,,,,,,,,,,,,,,,,,,,,,,,,
175000,1.2857142857142858,1.2857142857142858,1.2857142857142858,0,0,0,,,,,,,0.2857142857142857,0.2857142857142857,0.2857142857142857,,,,,,,,,,,,,,,,,,,,,,,,,,,,,,,,,
180000,0.2857142857142857,0.2857142857142857,0.2857142857142857,0.8571428571428571,0.8571428571428571,0.8571428571428571,,,,,,,0,0,0,,,,,,,,,,,,,,,,,,,,,,,,,,,,,,,,,
185000,0.2857142857142857,0.2857142857142857,0.2857142857142857,0,0,0,,,,,,,0.2857142857142857,0.2857142857142857,0.2857142857142857,,,,,,,,,,,,,,,,,,,,,,,,,,,,,,,,,
190000,0.5714285714285714,0.5714285714285714,0.5714285714285714,0,0,0,,,,,,,0,0,0,,,,,,,,,,,,,,,,,,,,,,,,,,,,,,,,,
195000,0.1428571428571428,0.1428571428571428,0.1428571428571428,0,0,0,,,,,,,1.4285714285714286,1.4285714285714286,1.4285714285714286,,,,,,,,,,,,,,,,,,,,,,,,,,,,,,,,,
200000,0.4285714285714285,0.4285714285714285,0.4285714285714285,0.4285714285714285,0.4285714285714285,0.4285714285714285,,,,,,,1.1428571428571428,1.1428571428571428,1.1428571428571428,,,,,,,,,,,,,,,,,,,,,,,,,,,,,,,,,
205000,0.2857142857142857,0.2857142857142857,0.2857142857142857,0,0,0,,,,,,,0.4285714285714285,0.4285714285714285,0.4285714285714285,,,,,,,,,,,,,,,,,,,,,,,,,,,,,,,,,
210000,0.7142857142857143,0.7142857142857143,0.7142857142857143,0.2857142857142857,0.2857142857142857,0.2857142857142857,,,,,,,0.1428571428571428,0.1428571428571428,0.1428571428571428,,,,,,,,,,,,,,,,,,,,,,,,,,,,,,,,,
215000,1.1428571428571428,1.1428571428571428,1.1428571428571428,0.4285714285714285,0.4285714285714285,0.4285714285714285,,,,,,,1.1428571428571428,1.1428571428571428,1.1428571428571428,,,,,,,,,,,,,,,,,,,,,,,,,,,,,,,,,
220000,1.5714285714285714,1.5714285714285714,1.5714285714285714,0,0,0,,,,,,,0.5714285714285714,0.5714285714285714,0.5714285714285714,,,,,,,,,,,,,,,,,,,,,,,,,,,,,,,,,
225000,1.2857142857142858,1.2857142857142858,1.2857142857142858,0,0,0,,,,,,,1,1,1,,,,,,,,,,,,,,,,,,,,,,,,,,,,,,,,,
230000,1.2857142857142858,1.2857142857142858,1.2857142857142858,0,0,0,,,,,,,0.8571428571428571,0.8571428571428571,0.8571428571428571,,,,,,,,,,,,,,,,,,,,,,,,,,,,,,,,,
235000,1.2857142857142858,1.2857142857142858,1.2857142857142858,0,0,0,,,,,,,1,1,1,,,,,,,,,,,,,,,,,,,,,,,,,,,,,,,,,
240000,1.7142857142857142,1.7142857142857142,1.7142857142857142,0,0,0,,,,,,,1.1428571428571428,1.1428571428571428,1.1428571428571428,,,,,,,,,,,,,,,,,,,,,,,,,,,,,,,,,
245000,1,1,1,0.1428571428571428,0.1428571428571428,0.1428571428571428,,,,,,,1.4285714285714286,1.4285714285714286,1.4285714285714286,,,,,,,,,,,,,,,,,,,,,,,,,,,,,,,,,
250000,1.2857142857142858,1.2857142857142858,1.2857142857142858,0.5714285714285714,0.5714285714285714,0.5714285714285714,,,,,,,0.5714285714285714,0.5714285714285714,0.5714285714285714,,,,,,,,,,,,,,,,,,,,,,,,,,,,,,,,,
255000,1.5714285714285714,1.5714285714285714,1.5714285714285714,0.5714285714285714,0.5714285714285714,0.5714285714285714,,,,,,,0.5714285714285714,0.5714285714285714,0.5714285714285714,,,,,,,,,,,,,,,,,,,,,,,,,,,,,,,,,
260000,1.2857142857142858,1.2857142857142858,1.2857142857142858,0.8571428571428571,0.8571428571428571,0.8571428571428571,,,,,,,1.1428571428571428,1.1428571428571428,1.1428571428571428,,,,,,,,,,,,,,,,,,,,,,,,,,,,,,,,,
265000,1.2857142857142858,1.2857142857142858,1.2857142857142858,0.5714285714285714,0.5714285714285714,0.5714285714285714,,,,,,,0.7142857142857143,0.7142857142857143,0.7142857142857143,,,,,,,,,,,,,,,,,,,,,,,,,,,,,,,,,
270000,0.2857142857142857,0.2857142857142857,0.2857142857142857,1.4285714285714286,1.4285714285714286,1.4285714285714286,,,,,,,1.4285714285714286,1.4285714285714286,1.4285714285714286,,,,,,,,,,,,,,,,,,,,,,,,,,,,,,,,,
275000,1.1428571428571428,1.1428571428571428,1.1428571428571428,1.2857142857142858,1.2857142857142858,1.2857142857142858,,,,,,,2.125,2.125,2.125,,,,,,,,,,,,,,,,,,,,,,,,,,,,,,,,,
280000,2.2857142857142856,2.2857142857142856,2.2857142857142856,1.8571428571428568,1.8571428571428568,1.8571428571428568,,,,,,,1.2857142857142858,1.2857142857142858,1.2857142857142858,,,,,,,,,,,,,,,,,,,,,,,,,,,,,,,,,
285000,1.4285714285714286,1.4285714285714286,1.4285714285714286,1.1428571428571428,1.1428571428571428,1.1428571428571428,,,,,,,1.1428571428571428,1.1428571428571428,1.1428571428571428,,,,,,,,,,,,,,,,,,,,,,,,,,,,,,,,,
290000,2.857142857142857,2.857142857142857,2.857142857142857,0.8571428571428571,0.8571428571428571,0.8571428571428571,,,,,,,0.5714285714285714,0.5714285714285714,0.5714285714285714,,,,,,,,,,,,,,,,,,,,,,,,,,,,,,,,,
295000,2.4285714285714284,2.4285714285714284,2.4285714285714284,1.4285714285714286,1.4285714285714286,1.4285714285714286,,,,,,,1.4285714285714286,1.4285714285714286,1.4285714285714286,,,,,,,,,,,,,,,,,,,,,,,,,,,,,,,,,
300000,1.8571428571428568,1.8571428571428568,1.8571428571428568,1,1,1,,,,,,,0.5714285714285714,0.5714285714285714,0.5714285714285714,,,,,,,,,,,,,,,,,,,,,,,,,,,,,,,,,
305000,0.8571428571428571,0.8571428571428571,0.8571428571428571,0.8571428571428571,0.8571428571428571,0.8571428571428571,,,,,,,0.5714285714285714,0.5714285714285714,0.5714285714285714,,,,,,,,,,,,,,,,,,,,,,,,,,,,,,,,,
310000,1.8571428571428568,1.8571428571428568,1.8571428571428568,1.8571428571428568,1.8571428571428568,1.8571428571428568,,,,,,,1.625,1.625,1.625,,,,,,,,,,,,,,,,,,,,,,,,,,,,,,,,,
315000,1.1428571428571428,1.1428571428571428,1.1428571428571428,0.7142857142857143,0.7142857142857143,0.7142857142857143,,,,,,,2.142857142857143,2.142857142857143,2.142857142857143,,,,,,,,,,,,,,,,,,,,,,,,,,,,,,,,,
320000,2.2857142857142856,2.2857142857142856,2.2857142857142856,1.1428571428571428,1.1428571428571428,1.1428571428571428,,,,,,,2.142857142857143,2.142857142857143,2.142857142857143,,,,,,,,,,,,,,,,,,,,,,,,,,,,,,,,,
325000,1.7142857142857142,1.7142857142857142,1.7142857142857142,1.1428571428571428,1.1428571428571428,1.1428571428571428,,,,,,,1.4285714285714286,1.4285714285714286,1.4285714285714286,,,,,,,,,,,,,,,,,,,,,,,,,,,,,,,,,
330000,2.142857142857143,2.142857142857143,2.142857142857143,1.5714285714285714,1.5714285714285714,1.5714285714285714,,,,,,,1.5714285714285714,1.5714285714285714,1.5714285714285714,,,,,,,,,,,,,,,,,,,,,,,,,,,,,,,,,
335000,1.8571428571428568,1.8571428571428568,1.8571428571428568,1,1,1,,,,,,,2.142857142857143,2.142857142857143,2.142857142857143,,,,,,,,,,,,,,,,,,,,,,,,,,,,,,,,,
340000,2.5,2.5,2.5,1.2857142857142858,1.2857142857142858,1.2857142857142858,,,,,,,0.7142857142857143,0.7142857142857143,0.7142857142857143,,,,,,,,,,,,,,,,,,,,,,,,,,,,,,,,,
345000,2.375,2.375,2.375,1,1,1,,,,,,,2.142857142857143,2.142857142857143,2.142857142857143,,,,,,,,,,,,,,,,,,,,,,,,,,,,,,,,,
350000,1.5714285714285714,1.5714285714285714,1.5714285714285714,1.5714285714285714,1.5714285714285714,1.5714285714285714,,,,,,,1.2857142857142858,1.2857142857142858,1.2857142857142858,,,,,,,,,,,,,,,,,,,,,,,,,,,,,,,,,
355000,1.8571428571428568,1.8571428571428568,1.8571428571428568,1.8571428571428568,1.8571428571428568,1.8571428571428568,,,,,,,0.7142857142857143,0.7142857142857143,0.7142857142857143,,,,,,,,,,,,,,,,,,,,,,,,,,,,,,,,,
360000,2.571428571428572,2.571428571428572,2.571428571428572,1.2857142857142858,1.2857142857142858,1.2857142857142858,,,,,,,2,2,2,,,,,,,,,,,,,,,,,,,,,,,,,,,,,,,,,
365000,2.625,2.625,2.625,1.2857142857142858,1.2857142857142858,1.2857142857142858,,,,,,,2,2,2,,,,,,,,,,,,,,,,,,,,,,,,,,,,,,,,,
370000,2,2,2,1.7142857142857142,1.7142857142857142,1.7142857142857142,,,,,,,2.75,2.75,2.75,,,,,,,,,,,,,,,,,,,,,,,,,,,,,,,,,
375000,2.5,2.5,2.5,1.4285714285714286,1.4285714285714286,1.4285714285714286,,,,,,,1.7142857142857142,1.7142857142857142,1.7142857142857142,,,,,,,,,,,,,,,,,,,,,,,,,,,,,,,,,
380000,2.857142857142857,2.857142857142857,2.857142857142857,2,2,2,,,,,,,1.7142857142857142,1.7142857142857142,1.7142857142857142,,,,,,,,,,,,,,,,,,,,,,,,,,,,,,,,,
385000,2.5,2.5,2.5,2.142857142857143,2.142857142857143,2.142857142857143,,,,,,,3.5,3.5,3.5,,,,,,,,,,,,,,,,,,,,,,,,,,,,,,,,,
390000,1.5714285714285714,1.5714285714285714,1.5714285714285714,2.571428571428572,2.571428571428572,2.571428571428572,,,,,,,2.875,2.875,2.875,,,,,,,,,,,,,,,,,,,,,,,,,,,,,,,,,
395000,2.4285714285714284,2.4285714285714284,2.4285714285714284,2.142857142857143,2.142857142857143,2.142857142857143,,,,,,,1.4285714285714286,1.4285714285714286,1.4285714285714286,,,,,,,,,,,,,,,,,,,,,,,,,,,,,,,,,
400000,2.875,2.875,2.875,2.2857142857142856,2.2857142857142856,2.2857142857142856,,,,,,,2.5,2.5,2.5,,,,,,,,,,,,,,,,,,,,,,,,,,,,,,,,,
405000,1.7142857142857142,1.7142857142857142,1.7142857142857142,2.2857142857142856,2.2857142857142856,2.2857142857142856,,,,,,,1.875,1.875,1.875,,,,,,,,,,,,,,,,,,,,,,,,,,,,,,,,,
410000,3,3,3,2,2,2,,,,,,,1.7142857142857142,1.7142857142857142,1.7142857142857142,,,,,,,,,,,,,,,,,,,,,,,,,,,,,,,,,
415000,2.571428571428572,2.571428571428572,2.571428571428572,2.375,2.375,2.375,,,,,,,3,3,3,,,,,,,,,,,,,,,,,,,,,,,,,,,,,,,,,
420000,2.4285714285714284,2.4285714285714284,2.4285714285714284,1.7142857142857142,1.7142857142857142,1.7142857142857142,,,,,,,2.375,2.375,2.375,,,,,,,,,,,,,,,,,,,,,,,,,,,,,,,,,
425000,2.75,2.75,2.75,1,1,1,,,,,,,2.25,2.25,2.25,,,,,,,,,,,,,,,,,,,,,,,,,,,,,,,,,
430000,2.2857142857142856,2.2857142857142856,2.2857142857142856,1.8571428571428568,1.8571428571428568,1.8571428571428568,,,,,,,1.8571428571428568,1.8571428571428568,1.8571428571428568,,,,,,,,,,,,,,,,,,,,,,,,,,,,,,,,,
435000,2.875,2.875,2.875,2.75,2.75,2.75,,,,,,,3.2222222222222223,3.2222222222222223,3.2222222222222223,,,,,,,,,,,,,,,,,,,,,,,,,,,,,,,,,
440000,2.625,2.625,2.625,2.4285714285714284,2.4285714285714284,2.4285714285714284,,,,,,,2.625,2.625,2.625,,,,,,,,,,,,,,,,,,,,,,,,,,,,,,,,,
445000,2.2857142857142856,2.2857142857142856,2.2857142857142856,2.2857142857142856,2.2857142857142856,2.2857142857142856,,,,,,,3.125,3.125,3.125,,,,,,,,,,,,,,,,,,,,,,,,,,,,,,,,,
450000,2.75,2.75,2.75,2.5,2.5,2.5,,,,,,,1.4285714285714286,1.4285714285714286,1.4285714285714286,,,,,,,,,,,,,,,,,,,,,,,,,,,,,,,,,
455000,2.2857142857142856,2.2857142857142856,2.2857142857142856,2.142857142857143,2.142857142857143,2.142857142857143,,,,,,,3.111111111111111,3.111111111111111,3.111111111111111,,,,,,,,,,,,,,,,,,,,,,,,,,,,,,,,,
460000,2.571428571428572,2.571428571428572,2.571428571428572,2.142857142857143,2.142857142857143,2.142857142857143,,,,,,,2,2,2,,,,,,,,,,,,,,,,,,,,,,,,,,,,,,,,,
465000,2.2857142857142856,2.2857142857142856,2.2857142857142856,2.7142857142857144,2.7142857142857144,2.7142857142857144,,,,,,,2.4285714285714284,2.4285714285714284,2.4285714285714284,,,,,,,,,,,,,,,,,,,,,,,,,,,,,,,,,
470000,2.571428571428572,2.571428571428572,2.571428571428572,1.2857142857142858,1.2857142857142858,1.2857142857142858,,,,,,,2.7142857142857144,2.7142857142857144,2.7142857142857144,,,,,,,,,,,,,,,,,,,,,,,,,,,,,,,,,
475000,3.25,3.25,3.25,3.333333333333333,3.333333333333333,3.333333333333333,,,,,,,2.6666666666666665,2.6666666666666665,2.6666666666666665,,,,,,,,,,,,,,,,,,,,,,,,,,,,,,,,,
480000,2,2,2,3,3,3,,,,,,,2.4285714285714284,2.4285714285714284,2.4285714285714284,,,,,,,,,,,,,,,,,,,,,,,,,,,,,,,,,
485000,3,3,3,1.8571428571428568,1.8571428571428568,1.8571428571428568,,,,,,,2.625,2.625,2.625,,,,,,,,,,,,,,,,,,,,,,,,,,,,,,,,,
490000,2.75,2.75,2.75,2.875,2.875,2.875,,,,,,,2.2857142857142856,2.2857142857142856,2.2857142857142856,,,,,,,,,,,,,,,,,,,,,,,,,,,,,,,,,
495000,2.7142857142857144,2.7142857142857144,2.7142857142857144,2.7142857142857144,2.7142857142857144,2.7142857142857144,,,,,,,2,2,2,,,,,,,,,,,,,,,,,,,,,,,,,,,,,,,,,
500000,2.2857142857142856,2.2857142857142856,2.2857142857142856,2.2857142857142856,2.2857142857142856,2.2857142857142856,,,,,,,2.625,2.625,2.625,,,,,,,,,,,,,,,,,,,,,,,,,,,,,,,,,
505000,3.555555555555556,3.555555555555556,3.555555555555556,3.333333333333333,3.333333333333333,3.333333333333333,,,,,,,2.875,2.875,2.875,,,,,,,,,,,,,,,,,,,,,,,,,,,,,,,,,
510000,3.333333333333333,3.333333333333333,3.333333333333333,2.125,2.125,2.125,,,,,,,2.571428571428572,2.571428571428572,2.571428571428572,,,,,,,,,,,,,,,,,,,,,,,,,,,,,,,,,
515000,2.5,2.5,2.5,2.5,2.5,2.5,,,,,,,2.7142857142857144,2.7142857142857144,2.7142857142857144,,,,,,,,,,,,,,,,,,,,,,,,,,,,,,,,,
520000,2.2857142857142856,2.2857142857142856,2.2857142857142856,2.2857142857142856,2.2857142857142856,2.2857142857142856,,,,,,,2.2857142857142856,2.2857142857142856,2.2857142857142856,,,,,,,,,,,,,,,,,,,,,,,,,,,,,,,,,
525000,3,3,3,3,3,3,,,,,,,2.4285714285714284,2.4285714285714284,2.4285714285714284,,,,,,,,,,,,,,,,,,,,,,,,,,,,,,,,,
530000,3.333333333333333,3.333333333333333,3.333333333333333,3.375,3.375,3.375,,,,,,,2.5,2.5,2.5,,,,,,,,,,,,,,,,,,,,,,,,,,,,,,,,,
535000,3.5,3.5,3.5,3.6666666666666665,3.6666666666666665,3.6666666666666665,,,,,,,3,3,3,,,,,,,,,,,,,,,,,,,,,,,,,,,,,,,,,
540000,3.5,3.5,3.5,3.555555555555556,3.555555555555556,3.555555555555556,,,,,,,2.571428571428572,2.571428571428572,2.571428571428572,,,,,,,,,,,,,,,,,,,,,,,,,,,,,,,,,
545000,2.2857142857142856,2.2857142857142856,2.2857142857142856,3.111111111111111,3.111111111111111,3.111111111111111,,,,,,,3,3,3,,,,,,,,,,,,,,,,,,,,,,,,,,,,,,,,,
550000,2.625,2.625,2.625,3.555555555555556,3.555555555555556,3.555555555555556,,,,,,,2.857142857142857,2.857142857142857,2.857142857142857,,,,,,,,,,,,,,,,,,,,,,,,,,,,,,,,,
555000,3,3,3,3.2222222222222223,3.2222222222222223,3.2222222222222223,,,,,,,2.75,2.75,2.75,,,,,,,,,,,,,,,,,,,,,,,,,,,,,,,,,
560000,2.857142857142857,2.857142857142857,2.857142857142857,3,3,3,,,,,,,2.4285714285714284,2.4285714285714284,2.4285714285714284,,,,,,,,,,,,,,,,,,,,,,,,,,,,,,,,,
565000,2.75,2.75,2.75,2.625,2.625,2.625,,,,,,,3.25,3.25,3.25,,,,,,,,,,,,,,,,,,,,,,,,,,,,,,,,,
570000,2.875,2.875,2.875,2.7142857142857144,2.7142857142857144,2.7142857142857144,,,,,,,3.375,3.375,3.375,,,,,,,,,,,,,,,,,,,,,,,,,,,,,,,,,
575000,2.75,2.75,2.75,2.875,2.875,2.875,,,,,,,3.111111111111111,3.111111111111111,3.111111111111111,,,,,,,,,,,,,,,,,,,,,,,,,,,,,,,,,
580000,3.4444444444444446,3.4444444444444446,3.4444444444444446,2.75,2.75,2.75,,,,,,,2.625,2.625,2.625,,,,,,,,,,,,,,,,,,,,,,,,,,,,,,,,,
585000,1.8571428571428568,1.8571428571428568,1.8571428571428568,2.888888888888889,2.888888888888889,2.888888888888889,,,,,,,3.125,3.125,3.125,,,,,,,,,,,,,,,,,,,,,,,,,,,,,,,,,
590000,3,3,3,2.7142857142857144,2.7142857142857144,2.7142857142857144,,,,,,,3.4444444444444446,3.4444444444444446,3.4444444444444446,,,,,,,,,,,,,,,,,,,,,,,,,,,,,,,,,
595000,3.6,3.6,3.6,3,3,3,,,,,,,3.375,3.375,3.375,,,,,,,,,,,,,,,,,,,,,,,,,,,,,,,,,
600000,2,2,2,3,3,3,,,,,,,3,3,3,,,,,,,,,,,,,,,,,,,,,,,,,,,,,,,,,
605000,1.8571428571428568,1.8571428571428568,1.8571428571428568,2.875,2.875,2.875,,,,,,,3.111111111111111,3.111111111111111,3.111111111111111,,,,,,,,,,,,,,,,,,,,,,,,,,,,,,,,,
610000,2,2,2,3,3,3,,,,,,,2.4285714285714284,2.4285714285714284,2.4285714285714284,,,,,,,,,,,,,,,,,,,,,,,,,,,,,,,,,
615000,2.142857142857143,2.142857142857143,2.142857142857143,2.75,2.75,2.75,,,,,,,2.75,2.75,2.75,,,,,,,,,,,,,,,,,,,,,,,,,,,,,,,,,
620000,2.625,2.625,2.625,2,2,2,,,,,,,3,3,3,,,,,,,,,,,,,,,,,,,,,,,,,,,,,,,,,
625000,2.75,2.75,2.75,3.5,3.5,3.5,,,,,,,3.6666666666666665,3.6666666666666665,3.6666666666666665,,,,,,,,,,,,,,,,,,,,,,,,,,,,,,,,,
630000,3.25,3.25,3.25,2.4285714285714284,2.4285714285714284,2.4285714285714284,,,,,,,2.75,2.75,2.75,,,,,,,,,,,,,,,,,,,,,,,,,,,,,,,,,
635000,3.333333333333333,3.333333333333333,3.333333333333333,2.571428571428572,2.571428571428572,2.571428571428572,,,,,,,3,3,3,,,,,,,,,,,,,,,,,,,,,,,,,,,,,,,,,
640000,3.125,3.125,3.125,3,3,3,,,,,,,2.875,2.875,2.875,,,,,,,,,,,,,,,,,,,,,,,,,,,,,,,,,
645000,3,3,3,2.4285714285714284,2.4285714285714284,2.4285714285714284,,,,,,,2.571428571428572,2.571428571428572,2.571428571428572,,,,,,,,,,,,,,,,,,,,,,,,,,,,,,,,,
650000,3.25,3.25,3.25,3.4444444444444446,3.4444444444444446,3.4444444444444446,,,,,,,3,3,3,,,,,,,,,,,,,,,,,,,,,,,,,,,,,,,,,
655000,3,3,3,2.571428571428572,2.571428571428572,2.571428571428572,,,,,,,2.875,2.875,2.875,,,,,,,,,,,,,,,,,,,,,,,,,,,,,,,,,
660000,3.333333333333333,3.333333333333333,3.333333333333333,3.25,3.25,3.25,,,,,,,3.25,3.25,3.25,,,,,,,,,,,,,,,,,,,,,,,,,,,,,,,,,
665000,2.857142857142857,2.857142857142857,2.857142857142857,3.25,3.25,3.25,,,,,,,3.375,3.375,3.375,,,,,,,,,,,,,,,,,,,,,,,,,,,,,,,,,
670000,3.333333333333333,3.333333333333333,3.333333333333333,2.25,2.25,2.25,,,,,,,2.857142857142857,2.857142857142857,2.857142857142857,,,,,,,,,,,,,,,,,,,,,,,,,,,,,,,,,
675000,3,3,3,3.555555555555556,3.555555555555556,3.555555555555556,,,,,,,3.333333333333333,3.333333333333333,3.333333333333333,,,,,,,,,,,,,,,,,,,,,,,,,,,,,,,,,
680000,3.333333333333333,3.333333333333333,3.333333333333333,3.375,3.375,3.375,,,,,,,2.375,2.375,2.375,,,,,,,,,,,,,,,,,,,,,,,,,,,,,,,,,
685000,2.75,2.75,2.75,2.4285714285714284,2.4285714285714284,2.4285714285714284,,,,,,,2.75,2.75,2.75,,,,,,,,,,,,,,,,,,,,,,,,,,,,,,,,,
690000,3,3,3,2.857142857142857,2.857142857142857,2.857142857142857,,,,,,,1.8571428571428568,1.8571428571428568,1.8571428571428568,,,,,,,,,,,,,,,,,,,,,,,,,,,,,,,,,
695000,2.2857142857142856,2.2857142857142856,2.2857142857142856,2.75,2.75,2.75,,,,,,,2.75,2.75,2.75,,,,,,,,,,,,,,,,,,,,,,,,,,,,,,,,,
700000,3.4444444444444446,3.4444444444444446,3.4444444444444446,2.7142857142857144,2.7142857142857144,2.7142857142857144,,,,,,,2.5,2.5,2.5,,,,,,,,,,,,,,,,,,,,,,,,,,,,,,,,,
705000,2.625,2.625,2.625,3.375,3.375,3.375,,,,,,,2.7142857142857144,2.7142857142857144,2.7142857142857144,,,,,,,,,,,,,,,,,,,,,,,,,,,,,,,,,
710000,3.25,3.25,3.25,2.5,2.5,2.5,,,,,,,3.25,3.25,3.25,,,,,,,,,,,,,,,,,,,,,,,,,,,,,,,,,
715000,2.857142857142857,2.857142857142857,2.857142857142857,3.111111111111111,3.111111111111111,3.111111111111111,,,,,,,2.5,2.5,2.5,,,,,,,,,,,,,,,,,,,,,,,,,,,,,,,,,
720000,3.111111111111111,3.111111111111111,3.111111111111111,2.857142857142857,2.857142857142857,2.857142857142857,,,,,,,3.4444444444444446,3.4444444444444446,3.4444444444444446,,,,,,,,,,,,,,,,,,,,,,,,,,,,,,,,,
725000,2.875,2.875,2.875,3,3,3,,,,,,,2.4285714285714284,2.4285714285714284,2.4285714285714284,,,,,,,,,,,,,,,,,,,,,,,,,,,,,,,,,
730000,2.7142857142857144,2.7142857142857144,2.7142857142857144,3.125,3.125,3.125,,,,,,,3.333333333333333,3.333333333333333,3.333333333333333,,,,,,,,,,,,,,,,,,,,,,,,,,,,,,,,,
735000,1.8571428571428568,1.8571428571428568,1.8571428571428568,3.7777777777777777,3.7777777777777777,3.7777777777777777,,,,,,,1.2857142857142858,1.2857142857142858,1.2857142857142858,,,,,,,,,,,,,,,,,,,,,,,,,,,,,,,,,
740000,2.625,2.625,2.625,2.2857142857142856,2.2857142857142856,2.2857142857142856,,,,,,,3.125,3.125,3.125,,,,,,,,,,,,,,,,,,,,,,,,,,,,,,,,,
745000,1.4285714285714286,1.4285714285714286,1.4285714285714286,2.571428571428572,2.571428571428572,2.571428571428572,,,,,,,3.125,3.125,3.125,,,,,,,,,,,,,,,,,,,,,,,,,,,,,,,,,
750000,2.571428571428572,2.571428571428572,2.571428571428572,3.25,3.25,3.25,,,,,,,1.7142857142857142,1.7142857142857142,1.7142857142857142,,,,,,,,,,,,,,,,,,,,,,,,,,,,,,,,,
755000,1.8571428571428568,1.8571428571428568,1.8571428571428568,2.75,2.75,2.75,,,,,,,2.625,2.625,2.625,,,,,,,,,,,,,,,,,,,,,,,,,,,,,,,,,
760000,1.8571428571428568,1.8571428571428568,1.8571428571428568,2.4285714285714284,2.4285714285714284,2.4285714285714284,,,,,,,3.25,3.25,3.25,,,,,,,,,,,,,,,,,,,,,,,,,,,,,,,,,
765000,0.8571428571428571,0.8571428571428571,0.8571428571428571,2,2,2,,,,,,,2.142857142857143,2.142857142857143,2.142857142857143,,,,,,,,,,,,,,,,,,,,,,,,,,,,,,,,,
